customerID,gender,SeniorCitizen,tenure,PhoneService,InternetService,MonthlyCharges,TotalCharges,Churn
CUST00001,Female,1,32,No,Fiber optic,94.76,3209.02,No
CUST00002,Female,1,25,Yes,DSL,66.16,1697.94,No
CUST00003,Male,0,63,Yes,No,25.73,1078.91,No
CUST00004,Female,1,20,Yes,DSL,86.46,1882.06,No
CUST00005,Male,0,6,No,No,107.77,642.2,Yes
CUST00006,Male,0,44,Yes,No,58.44,2652.13,No
CUST00007,Male,1,39,Yes,DSL,99.22,3665.82,Yes
CUST00008,Male,0,2,No,DSL,92.42,170.2,No
CUST00009,Male,0,2,No,DSL,88.14,164.96,Yes
CUST00010,Female,0,39,Yes,DSL,31.27,1573.79,No
CUST00011,Female,1,12,No,No,82.33,1020.17,No
CUST00012,Male,0,12,Yes,Fiber optic,86.58,953.04,No
CUST00013,Female,0,4,Yes,DSL,66.49,263.17,No
CUST00014,Female,0,61,Yes,DSL,30.16,1398.08,No
CUST00015,Female,0,3,No,Fiber optic,67.39,196.07,Yes
CUST00016,Male,0,40,Yes,DSL,50.75,1784.28,No
CUST00017,Female,1,8,Yes,Fiber optic,85.48,620.82,No
CUST00018,Female,1,13,Yes,No,47.63,647.25,No
CUST00019,Male,0,22,No,DSL,90.21,1823.84,No
CUST00020,Female,0,57,No,No,36.91,2211.85,No
CUST00021,Female,1,42,Yes,DSL,35.55,1652.3,No
CUST00022,Male,0,8,No,Fiber optic,91.38,787.64,Yes
CUST00023,Male,0,1,No,DSL,78.53,81.6,No
CUST00024,Male,0,4,Yes,DSL,102.76,384.61,Yes
CUST00025,Female,1,8,Yes,No,67.2,,No
CUST00026,Male,0,31,No,Fiber optic,97.7,2752.92,Yes
CUST00027,Female,1,6,Yes,Fiber optic,62.77,325.52,No
CUST00028,Male,0,8,Yes,Fiber optic,106.72,869.15,Yes
CUST00029,Male,0,29,No,No,41.91,1138.08,No
CUST00030,Female,1,48,No,DSL,68.11,,No
CUST00031,Female,0,62,No,DSL,34.15,1544.55,No
CUST00032,Male,0,57,Yes,Fiber optic,83.29,5260.73,No
CUST00033,Male,1,63,No,Fiber optic,49.66,2856.49,No
CUST00034,Male,0,7,Yes,No,102.74,787.23,No
CUST00035,Female,0,46,Yes,Fiber optic,41.03,1607.25,No
CUST00036,Female,1,7,No,Fiber optic,93.0,610.78,Yes
CUST00037,Male,0,24,No,Fiber optic,56.36,1462.58,No
CUST00038,Female,1,33,No,DSL,25.54,729.56,No
CUST00039,Female,0,40,Yes,No,81.2,3077.85,No
CUST00040,Female,0,19,Yes,Fiber optic,71.47,1305.28,Yes
CUST00041,Female,0,69,No,Fiber optic,94.18,6326.93,No
CUST00042,Male,1,72,Yes,Fiber optic,20.23,2114.7,No
CUST00043,Male,0,11,Yes,Fiber optic,86.63,969.32,Yes
CUST00044,Male,1,22,No,DSL,45.34,830.09,Yes
CUST00045,Male,0,27,No,No,48.06,1362.69,No
CUST00046,Male,1,2,No,Fiber optic,74.81,132.29,Yes
CUST00047,Female,0,11,Yes,DSL,96.38,1125.73,Yes
CUST00048,Female,0,41,Yes,Fiber optic,71.87,2655.42,No
CUST00049,Male,0,9,No,Fiber optic,91.7,,No
CUST00050,Male,0,69,Yes,DSL,27.09,1228.88,No
CUST00051,Male,0,59,Yes,DSL,21.16,1435.02,No
CUST00052,Male,0,5,Yes,Fiber optic,81.24,422.73,No
CUST00053,Male,0,25,Yes,DSL,96.98,2304.73,No
CUST00054,Female,1,49,No,DSL,69.55,3378.33,No
CUST00055,Female,0,9,No,Fiber optic,106.67,1030.92,No
CUST00056,Male,1,57,Yes,Fiber optic,85.42,4576.54,No
CUST00057,Female,0,68,No,No,46.82,2961.88,No
CUST00058,Female,1,45,No,Fiber optic,21.99,1098.6,Yes
CUST00059,Female,0,0,Yes,Fiber optic,64.65,,Yes
CUST00060,Female,0,26,No,No,94.69,2667.36,No
CUST00061,Female,1,63,Yes,Fiber optic,79.74,4587.45,Yes
CUST00062,Female,0,0,No,No,102.59,,Yes
CUST00063,Female,0,47,No,Fiber optic,90.25,,No
CUST00064,Female,0,27,No,No,33.41,1123.4,No
CUST00065,Female,0,27,Yes,DSL,34.79,824.16,No
CUST00066,Male,0,27,Yes,No,30.26,725.97,No
CUST00067,Male,1,31,Yes,DSL,57.28,1491.23,No
CUST00068,Female,0,62,No,Fiber optic,43.55,2783.7,No
CUST00069,Female,0,3,Yes,DSL,68.51,196.05,No
CUST00070,Female,0,21,Yes,DSL,86.55,1744.15,No
CUST00071,Male,1,60,No,No,89.39,5595.75,No
CUST00072,Female,0,51,Yes,No,34.41,1971.74,No
CUST00073,Male,0,30,Yes,DSL,81.01,2246.8,No
CUST00074,Male,0,7,No,Fiber optic,83.49,549.95,No
CUST00075,Male,0,52,No,DSL,79.92,4054.68,No
CUST00076,Male,0,12,Yes,DSL,54.77,695.44,No
CUST00077,Male,0,3,Yes,DSL,104.22,292.39,Yes
CUST00078,Female,0,33,Yes,Fiber optic,47.6,1715.2,No
CUST00079,Female,0,65,No,No,73.35,4704.88,No
CUST00080,Female,0,36,Yes,Fiber optic,75.21,2636.06,Yes
CUST00081,Male,0,4,No,Fiber optic,71.94,312.35,Yes
CUST00082,Female,0,25,No,No,86.04,2357.66,No
CUST00083,Male,0,45,No,Fiber optic,47.68,2205.61,No
CUST00084,Female,0,4,Yes,DSL,72.98,,No
CUST00085,Female,0,72,No,Fiber optic,20.59,1862.28,No
CUST00086,Female,0,11,No,No,108.07,1156.32,No
CUST00087,Female,1,4,Yes,No,91.64,356.3,Yes
CUST00088,Male,0,53,No,No,53.23,2675.09,No
CUST00089,Female,1,37,No,No,88.53,3043.77,No
CUST00090,Male,0,3,Yes,DSL,68.5,194.99,No
CUST00091,Male,0,22,No,No,32.05,880.35,No
CUST00092,Female,0,50,No,Fiber optic,78.95,3511.38,No
CUST00093,Male,0,6,No,Fiber optic,100.94,556.43,Yes
CUST00094,Female,0,12,Yes,Fiber optic,76.33,903.77,No
CUST00095,Male,0,35,Yes,DSL,98.2,3180.32,No
CUST00096,Male,1,26,Yes,Fiber optic,99.17,2730.39,No
CUST00097,Male,0,31,No,No,64.66,1964.87,No
CUST00098,Male,1,72,No,DSL,80.74,5224.74,No
CUST00099,Male,0,23,Yes,DSL,78.4,2017.1,No
CUST00100,Female,0,61,Yes,DSL,44.05,2514.33,No
CUST00101,Male,0,0,Yes,Fiber optic,66.17,,Yes
CUST00102,Male,0,63,No,DSL,82.32,5620.55,No
CUST00103,Female,0,35,Yes,DSL,77.5,3013.15,No
CUST00104,Female,0,55,No,Fiber optic,22.57,1648.74,No
CUST00105,Male,0,4,Yes,DSL,97.58,411.76,No
CUST00106,Female,0,55,Yes,Fiber optic,71.81,3511.25,No
CUST00107,Male,0,66,No,DSL,57.92,3318.75,No
CUST00108,Male,1,49,Yes,DSL,82.04,4233.14,Yes
CUST00109,Female,0,70,No,DSL,44.15,2410.4,No
CUST00110,Female,0,33,No,DSL,56.98,1937.25,No
CUST00111,Male,0,14,No,DSL,30.76,361.04,No
CUST00112,Female,0,10,Yes,DSL,102.64,1022.09,Yes
CUST00113,Female,1,1,Yes,Fiber optic,93.66,93.63,Yes
CUST00114,Male,0,4,Yes,Fiber optic,89.34,378.89,No
CUST00115,Female,0,18,No,DSL,47.79,756.76,No
CUST00116,Male,0,28,Yes,Fiber optic,61.87,,No
CUST00117,Female,1,37,No,Fiber optic,62.98,2330.79,No
CUST00118,Female,0,68,Yes,Fiber optic,89.71,6243.55,Yes
CUST00119,Female,0,28,Yes,Fiber optic,72.84,2195.04,Yes
CUST00120,Female,0,2,No,DSL,81.22,166.67,Yes
CUST00121,Female,0,34,No,DSL,95.9,3318.52,No
CUST00122,Female,0,16,No,DSL,84.16,1276.19,No
CUST00123,Male,0,31,Yes,DSL,75.27,2363.6,No
CUST00124,Female,0,41,Yes,Fiber optic,53.79,2146.59,Yes
CUST00125,Female,1,45,No,No,23.28,1062.03,No
CUST00126,Female,0,8,No,Fiber optic,89.55,637.56,No
CUST00127,Female,0,11,Yes,DSL,91.71,974.02,No
CUST00128,Female,0,6,No,Fiber optic,64.98,,Yes
CUST00129,Male,1,20,Yes,No,82.27,1645.7,Yes
CUST00130,Female,0,30,No,Fiber optic,55.34,1441.84,No
CUST00131,Male,0,71,Yes,No,23.75,1978.91,No
CUST00132,Female,0,47,No,Fiber optic,90.85,4181.7,Yes
CUST00133,Female,1,16,No,No,61.71,,No
CUST00134,Female,0,21,Yes,DSL,96.68,2118.98,No
CUST00135,Male,0,3,Yes,Fiber optic,97.5,320.4,No
CUST00136,Male,1,11,No,Fiber optic,105.03,1093.18,Yes
CUST00137,Female,0,48,Yes,Fiber optic,43.91,2334.67,Yes
CUST00138,Male,0,13,No,DSL,97.67,1297.71,No
CUST00139,Male,0,20,Yes,DSL,48.44,1111.62,No
CUST00140,Male,0,58,No,Fiber optic,54.22,3167.41,No
CUST00141,Female,0,8,No,No,81.47,599.13,Yes
CUST00142,Male,1,59,Yes,Fiber optic,43.83,2950.05,Yes
CUST00143,Female,0,54,No,DSL,85.62,4379.02,No
CUST00144,Male,0,16,No,DSL,85.26,1490.12,No
CUST00145,Male,0,9,No,No,75.47,674.55,Yes
CUST00146,Female,0,39,Yes,Fiber optic,37.15,1777.68,Yes
CUST00147,Male,0,6,No,DSL,97.06,589.36,Yes
CUST00148,Female,0,9,Yes,DSL,68.51,540.83,No
CUST00149,Male,0,70,No,Fiber optic,79.37,4858.43,No
CUST00150,Male,0,7,No,DSL,108.75,755.46,No
CUST00151,Male,0,4,Yes,Fiber optic,98.91,401.67,Yes
CUST00152,Male,0,37,Yes,Fiber optic,53.44,1794.85,No
CUST00153,Female,0,17,Yes,DSL,32.21,635.98,No
CUST00154,Female,0,0,No,DSL,77.42,,No
CUST00155,Male,0,31,Yes,DSL,26.32,,No
CUST00156,Male,0,1,No,DSL,72.1,77.86,No
CUST00157,Male,0,1,Yes,DSL,91.19,98.05,Yes
CUST00158,Male,0,4,Yes,No,102.65,445.84,Yes
CUST00159,Male,0,10,Yes,Fiber optic,87.67,779.84,No
CUST00160,Male,0,13,Yes,No,78.88,1062.95,No
CUST00161,Female,0,40,Yes,Fiber optic,94.82,3546.3,Yes
CUST00162,Male,1,6,Yes,DSL,105.83,603.52,No
CUST00163,Female,1,10,No,Fiber optic,60.15,606.91,Yes
CUST00164,Female,0,27,Yes,DSL,55.92,1278.81,No
CUST00165,Female,0,70,No,DSL,60.71,4891.87,No
CUST00166,Female,0,19,No,DSL,82.67,1731.09,No
CUST00167,Female,1,12,No,DSL,54.67,688.82,No
CUST00168,Female,0,0,No,No,74.26,,Yes
CUST00169,Male,1,1,No,DSL,79.19,77.01,Yes
CUST00170,Male,0,41,Yes,DSL,61.24,2891.33,No
CUST00171,Male,0,5,Yes,Fiber optic,65.49,306.32,No
CUST00172,Male,0,33,Yes,No,69.68,2442.99,No
CUST00173,Female,1,10,Yes,DSL,104.99,1059.68,Yes
CUST00174,Female,0,2,Yes,Fiber optic,91.85,188.76,Yes
CUST00175,Female,0,7,Yes,DSL,64.93,435.9,No
CUST00176,Female,0,15,No,Fiber optic,67.58,972.03,No
CUST00177,Female,0,12,Yes,Fiber optic,30.58,398.06,No
CUST00178,Female,0,12,No,No,45.49,622.08,No
CUST00179,Male,0,8,Yes,DSL,77.91,672.24,Yes
CUST00180,Male,0,7,No,No,82.47,557.68,No
CUST00181,Female,0,54,No,DSL,48.24,2667.81,No
CUST00182,Female,1,36,No,Fiber optic,97.39,3240.67,Yes
CUST00183,Female,1,14,No,DSL,92.28,1290.99,Yes
CUST00184,Male,0,1,No,Fiber optic,71.16,71.28,No
CUST00185,Female,0,70,No,DSL,86.46,6427.92,No
CUST00186,Male,1,33,Yes,Fiber optic,87.16,2808.79,Yes
CUST00187,Male,0,8,Yes,DSL,73.0,586.69,Yes
CUST00188,Female,1,21,No,No,59.82,1091.79,No
CUST00189,Female,0,60,No,DSL,42.45,2819.19,No
CUST00190,Female,0,3,No,DSL,103.34,293.71,Yes
CUST00191,Female,0,9,No,DSL,86.45,851.43,No
CUST00192,Male,0,6,No,DSL,62.6,377.27,No
CUST00193,Female,0,71,Yes,DSL,59.11,,No
CUST00194,Female,0,3,Yes,DSL,74.18,243.59,No
CUST00195,Male,0,65,Yes,DSL,26.07,1901.8,No
CUST00196,Female,0,46,Yes,DSL,51.78,2460.98,No
CUST00197,Female,0,2,Yes,Fiber optic,77.45,137.64,No
CUST00198,Male,0,37,No,Fiber optic,72.99,2680.58,Yes
CUST00199,Female,0,12,Yes,DSL,52.25,630.11,No
CUST00200,Female,0,62,Yes,DSL,30.69,2281.49,No
CUST00201,Male,0,5,Yes,DSL,79.31,426.29,No
CUST00202,Female,0,66,Yes,DSL,56.26,4249.78,No
CUST00203,Female,0,3,Yes,No,73.47,199.36,Yes
CUST00204,Male,0,6,No,Fiber optic,103.23,644.05,Yes
CUST00205,Female,1,35,Yes,No,31.29,891.12,No
CUST00206,Male,1,16,No,DSL,32.89,515.58,No
CUST00207,Female,0,15,Yes,Fiber optic,72.41,1225.9,No
CUST00208,Male,0,3,No,Fiber optic,106.27,299.34,Yes
CUST00209,Male,0,6,No,Fiber optic,66.12,412.85,No
CUST00210,Female,0,33,No,DSL,38.89,1376.85,No
CUST00211,Male,0,16,No,DSL,79.74,1350.99,No
CUST00212,Male,0,61,Yes,No,56.43,3985.7,No
CUST00213,Female,1,25,No,DSL,53.07,1219.77,Yes
CUST00214,Female,0,71,Yes,No,20.73,1381.42,No
CUST00215,Male,0,4,Yes,No,81.42,325.66,Yes
CUST00216,Female,0,71,Yes,Fiber optic,44.54,2746.17,No
CUST00217,Male,1,34,No,No,35.87,1271.01,Yes
CUST00218,Male,0,22,Yes,DSL,45.21,813.99,No
CUST00219,Female,0,7,No,DSL,72.45,536.42,Yes
CUST00220,Male,1,36,No,DSL,52.69,1921.07,No
CUST00221,Female,0,10,Yes,DSL,106.46,1094.37,No
CUST00222,Female,0,55,Yes,No,56.74,3012.83,No
CUST00223,Male,0,33,Yes,DSL,24.88,1049.1,No
CUST00224,Male,0,22,No,Fiber optic,40.31,680.32,Yes
CUST00225,Female,0,4,Yes,Fiber optic,64.37,292.4,Yes
CUST00226,Female,0,29,No,DSL,35.64,1227.13,No
CUST00227,Male,0,72,Yes,DSL,83.48,5757.23,No
CUST00228,Male,0,9,Yes,Fiber optic,76.88,667.81,Yes
CUST00229,Female,0,17,Yes,Fiber optic,87.8,1426.1,No
CUST00230,Male,0,34,No,DSL,47.67,1632.1,No
CUST00231,Female,0,58,No,Fiber optic,79.55,4254.79,No
CUST00232,Male,0,64,No,Fiber optic,28.26,1655.76,No
CUST00233,Female,0,15,Yes,Fiber optic,57.16,716.18,No
CUST00234,Male,0,54,No,Fiber optic,85.5,4576.92,No
CUST00235,Female,0,12,No,No,65.56,806.76,No
CUST00236,Male,0,12,No,Fiber optic,55.77,651.0,No
CUST00237,Male,1,0,Yes,Fiber optic,81.4,,Yes
CUST00238,Male,1,52,No,DSL,72.92,3586.84,No
CUST00239,Female,0,5,Yes,DSL,85.39,438.55,No
CUST00240,Female,0,36,Yes,DSL,39.88,1288.4,No
CUST00241,Male,0,70,No,Fiber optic,44.77,2791.67,No
CUST00242,Male,0,33,No,DSL,94.48,3355.8,No
CUST00243,Female,0,24,No,Fiber optic,79.25,1933.68,No
CUST00244,Female,0,39,No,No,45.69,1890.76,No
CUST00245,Female,0,36,No,Fiber optic,59.13,2396.62,No
CUST00246,Male,0,45,No,DSL,72.18,3657.97,No
CUST00247,Male,0,49,No,DSL,65.2,2810.36,No
CUST00248,Male,0,3,No,Fiber optic,75.56,220.06,No
CUST00249,Female,1,40,No,DSL,52.42,2073.09,No
CUST00250,Male,0,13,Yes,DSL,23.09,215.76,No
CUST00251,Female,0,12,Yes,Fiber optic,94.14,1073.07,No
CUST00252,Male,0,29,Yes,DSL,52.5,1298.27,No
CUST00253,Male,0,34,Yes,Fiber optic,20.48,753.38,No
CUST00254,Female,0,64,Yes,No,72.51,5069.42,No
CUST00255,Male,0,54,No,DSL,48.1,2108.42,No
CUST00256,Female,1,31,No,Fiber optic,48.69,1472.37,Yes
CUST00257,Male,0,53,Yes,Fiber optic,21.73,685.61,Yes
CUST00258,Female,1,65,Yes,DSL,46.41,,No
CUST00259,Female,0,2,Yes,Fiber optic,82.48,175.45,Yes
CUST00260,Female,0,52,Yes,DSL,36.75,1767.2,No
CUST00261,Female,0,41,Yes,Fiber optic,64.56,,Yes
CUST00262,Female,1,12,Yes,Fiber optic,68.64,841.31,No
CUST00263,Female,1,8,Yes,DSL,81.72,599.6,Yes
CUST00264,Female,0,36,Yes,Fiber optic,56.06,1967.63,No
CUST00265,Female,0,3,Yes,Fiber optic,102.75,312.95,Yes
CUST00266,Male,0,8,No,DSL,67.31,558.24,No
CUST00267,Male,0,67,Yes,Fiber optic,92.56,6064.48,No
CUST00268,Female,0,26,No,DSL,47.17,966.79,No
CUST00269,Male,0,67,Yes,Fiber optic,70.4,5003.94,No
CUST00270,Female,0,0,Yes,DSL,65.2,,No
CUST00271,Female,1,47,Yes,DSL,52.28,2690.19,No
CUST00272,Male,0,49,Yes,DSL,89.62,4431.34,No
CUST00273,Female,0,2,No,DSL,69.91,,No
CUST00274,Female,0,2,No,DSL,104.94,200.3,No
CUST00275,Female,0,5,Yes,No,81.12,412.71,No
CUST00276,Female,1,29,Yes,Fiber optic,42.93,967.27,Yes
CUST00277,Female,1,42,Yes,DSL,28.79,1571.02,No
CUST00278,Female,0,71,Yes,Fiber optic,93.99,6116.04,No
CUST00279,Male,1,70,Yes,DSL,80.79,5256.36,Yes
CUST00280,Female,0,34,Yes,DSL,90.13,3347.04,No
CUST00281,Male,0,2,Yes,Fiber optic,77.29,159.38,Yes
CUST00282,Male,0,57,No,No,79.04,4717.91,No
CUST00283,Female,0,33,Yes,Fiber optic,92.88,3042.86,No
CUST00284,Male,1,9,Yes,DSL,66.65,517.17,No
CUST00285,Male,1,33,Yes,Fiber optic,76.96,2710.76,Yes
CUST00286,Female,0,9,Yes,DSL,68.71,627.59,No
CUST00287,Female,0,37,No,DSL,92.89,3506.13,No
CUST00288,Male,0,18,Yes,Fiber optic,60.89,1206.59,No
CUST00289,Female,0,6,No,Fiber optic,92.32,594.59,Yes
CUST00290,Male,0,2,No,Fiber optic,107.64,199.5,Yes
CUST00291,Male,1,11,Yes,DSL,69.55,806.88,No
CUST00292,Female,1,8,Yes,Fiber optic,68.92,472.05,Yes
CUST00293,Male,0,49,Yes,DSL,40.63,1768.85,No
CUST00294,Female,1,5,No,DSL,85.65,406.73,Yes
CUST00295,Male,1,14,No,No,70.5,977.35,Yes
CUST00296,Male,0,24,No,No,70.22,1568.93,No
CUST00297,Female,1,2,No,DSL,77.96,144.61,No
CUST00298,Male,0,1,No,No,88.23,84.18,No
CUST00299,Female,0,47,Yes,DSL,24.41,1612.7,No
CUST00300,Male,0,3,Yes,DSL,87.71,285.41,No
CUST00301,Female,0,5,Yes,DSL,104.07,504.55,No
CUST00302,Male,0,0,No,No,96.89,,No
CUST00303,Male,1,6,No,DSL,95.92,552.72,Yes
CUST00304,Male,0,45,Yes,No,64.19,2963.54,No
CUST00305,Female,1,3,No,Fiber optic,102.97,301.86,No
CUST00306,Female,0,36,Yes,Fiber optic,56.62,2294.96,No
CUST00307,Female,1,58,Yes,Fiber optic,92.84,5576.5,Yes
CUST00308,Male,1,72,No,Fiber optic,59.16,3848.08,Yes
CUST00309,Male,0,25,No,Fiber optic,95.39,,No
CUST00310,Male,0,44,No,No,74.96,3398.65,No
CUST00311,Male,1,18,No,No,84.3,1540.94,No
CUST00312,Female,1,56,No,DSL,33.39,1864.28,Yes
CUST00313,Female,1,33,Yes,DSL,30.87,1219.09,No
CUST00314,Female,0,65,No,DSL,62.81,3779.9,No
CUST00315,Female,0,53,No,No,60.25,2897.77,No
CUST00316,Female,1,55,No,Fiber optic,68.06,4271.78,No
CUST00317,Female,1,54,No,No,95.21,4873.02,No
CUST00318,Male,0,29,No,No,96.1,2569.17,No
CUST00319,Female,1,12,No,Fiber optic,27.83,447.05,Yes
CUST00320,Male,0,1,No,DSL,82.17,,Yes
CUST00321,Female,0,72,No,DSL,79.81,6462.4,No
CUST00322,Male,0,15,Yes,Fiber optic,63.47,806.16,Yes
CUST00323,Male,0,62,No,Fiber optic,73.15,4257.55,No
CUST00324,Male,0,15,Yes,No,52.22,684.64,No
CUST00325,Female,0,50,No,Fiber optic,69.04,3099.31,Yes
CUST00326,Male,0,62,Yes,DSL,68.61,4379.27,No
CUST00327,Female,0,0,Yes,No,106.33,,Yes
CUST00328,Male,0,18,No,DSL,76.77,1316.08,No
CUST00329,Female,1,3,No,Fiber optic,80.88,222.55,No
CUST00330,Male,0,4,Yes,DSL,72.53,287.85,Yes
CUST00331,Male,0,5,Yes,DSL,106.93,531.57,Yes
CUST00332,Male,0,19,No,No,98.69,2015.74,No
CUST00333,Male,0,8,Yes,DSL,99.33,846.53,Yes
CUST00334,Female,0,68,No,Fiber optic,99.8,6542.3,Yes
CUST00335,Male,1,58,No,No,68.11,4216.11,No
CUST00336,Female,1,65,Yes,Fiber optic,88.53,6294.26,Yes
CUST00337,Female,0,22,No,No,32.69,,No
CUST00338,Male,0,6,Yes,DSL,104.77,582.64,Yes
CUST00339,Male,1,10,Yes,No,61.5,604.79,Yes
CUST00340,Female,0,7,Yes,Fiber optic,103.29,654.03,Yes
CUST00341,Female,0,7,No,DSL,91.07,580.1,Yes
CUST00342,Female,0,12,Yes,Fiber optic,71.1,824.91,No
CUST00343,Male,0,26,No,DSL,62.94,1840.85,No
CUST00344,Female,0,5,No,DSL,72.75,317.79,Yes
CUST00345,Male,0,71,Yes,DSL,86.48,6061.72,No
CUST00346,Female,0,4,Yes,Fiber optic,86.32,310.68,No
CUST00347,Female,0,16,Yes,No,35.26,720.25,No
CUST00348,Female,0,34,No,Fiber optic,40.0,1657.06,No
CUST00349,Female,0,6,Yes,No,76.86,472.97,No
CUST00350,Male,1,13,Yes,DSL,78.55,921.49,Yes
CUST00351,Female,0,8,Yes,No,92.72,741.34,No
CUST00352,Male,0,15,No,DSL,44.99,643.84,No
CUST00353,Female,0,7,Yes,Fiber optic,102.45,779.18,No
CUST00354,Female,0,45,No,No,23.39,937.09,No
CUST00355,Male,0,49,No,Fiber optic,85.31,4416.46,No
CUST00356,Male,1,25,Yes,Fiber optic,37.36,855.68,No
CUST00357,Female,0,10,No,DSL,78.22,814.33,Yes
CUST00358,Male,0,1,No,DSL,82.39,73.88,Yes
CUST00359,Male,0,11,Yes,Fiber optic,99.76,1109.02,No
CUST00360,Male,0,7,Yes,Fiber optic,104.82,724.16,No
CUST00361,Male,0,0,Yes,DSL,100.22,,Yes
CUST00362,Female,0,4,Yes,DSL,100.78,413.6,Yes
CUST00363,Male,0,2,No,Fiber optic,98.76,,No
CUST00364,Female,1,5,No,No,93.4,427.31,Yes
CUST00365,Male,1,66,Yes,DSL,92.31,6691.51,No
CUST00366,Male,0,62,No,No,23.57,1907.19,No
CUST00367,Female,0,1,No,DSL,65.28,65.14,No
CUST00368,Male,0,38,No,DSL,89.2,3410.01,No
CUST00369,Male,0,6,No,DSL,61.51,417.45,No
CUST00370,Male,0,71,No,No,61.54,3976.66,No
CUST00371,Male,0,43,No,DSL,77.79,3507.75,No
CUST00372,Male,0,7,No,No,63.03,461.32,No
CUST00373,Female,1,39,Yes,Fiber optic,87.91,3406.23,Yes
CUST00374,Female,0,70,No,No,39.11,3040.18,No
CUST00375,Male,0,3,Yes,Fiber optic,88.66,261.66,Yes
CUST00376,Male,0,38,No,Fiber optic,62.08,2343.08,No
CUST00377,Male,0,33,No,DSL,84.82,2769.82,No
CUST00378,Female,0,1,No,DSL,101.44,93.95,Yes
CUST00379,Female,0,13,Yes,DSL,49.77,716.44,No
CUST00380,Female,0,5,Yes,DSL,64.34,287.8,No
CUST00381,Female,0,10,No,DSL,66.56,593.81,No
CUST00382,Male,0,11,Yes,Fiber optic,79.07,879.15,Yes
CUST00383,Female,0,1,Yes,Fiber optic,84.81,82.12,Yes
CUST00384,Male,0,11,Yes,DSL,103.74,1160.62,No
CUST00385,Male,0,61,Yes,DSL,85.54,5423.8,No
CUST00386,Female,0,12,Yes,DSL,31.5,365.73,No
CUST00387,Male,0,5,Yes,DSL,72.91,327.3,Yes
CUST00388,Female,0,64,Yes,Fiber optic,53.07,3554.21,No
CUST00389,Female,0,0,No,Fiber optic,96.46,,Yes
CUST00390,Male,0,61,No,DSL,95.7,5243.0,No
CUST00391,Male,1,3,No,Fiber optic,90.62,291.37,Yes
CUST00392,Female,0,58,No,No,21.85,1500.75,No
CUST00393,Male,0,4,Yes,DSL,95.35,382.4,No
CUST00394,Male,0,23,No,DSL,36.49,777.1,No
CUST00395,Female,0,8,No,No,100.81,795.59,No
CUST00396,Male,1,16,Yes,Fiber optic,47.04,784.27,No
CUST00397,Female,1,36,No,Fiber optic,77.5,2947.11,No
CUST00398,Male,0,44,Yes,DSL,86.87,3853.97,No
CUST00399,Male,0,32,Yes,DSL,52.8,,No
CUST00400,Female,0,14,Yes,Fiber optic,90.11,1270.83,No
CUST00401,Male,0,12,No,DSL,85.12,1112.7,No
CUST00402,Male,0,23,No,DSL,77.75,1760.96,No
CUST00403,Male,1,57,Yes,Fiber optic,64.49,3908.29,Yes
CUST00404,Male,0,2,Yes,Fiber optic,69.44,144.86,No
CUST00405,Male,0,70,No,Fiber optic,20.11,1553.09,No
CUST00406,Male,0,5,Yes,Fiber optic,66.87,286.5,No
CUST00407,Male,1,67,Yes,No,73.91,5384.11,No
CUST00408,Female,0,49,Yes,Fiber optic,45.33,2062.35,Yes
CUST00409,Female,0,59,Yes,No,56.58,,No
CUST00410,Female,1,46,No,DSL,39.7,1464.59,No
CUST00411,Male,0,49,No,No,55.4,3201.0,No
CUST00412,Female,0,31,No,Fiber optic,84.07,2850.19,No
CUST00413,Male,1,11,Yes,Fiber optic,97.92,1077.11,No
CUST00414,Male,0,38,Yes,Fiber optic,35.78,1027.08,No
CUST00415,Male,0,12,No,Fiber optic,60.34,782.97,No
CUST00416,Female,1,8,No,DSL,81.53,620.02,Yes
CUST00417,Male,0,61,Yes,Fiber optic,56.0,,No
CUST00418,Female,1,16,Yes,No,91.36,1512.72,Yes
CUST00419,Female,1,59,Yes,Fiber optic,35.38,2473.04,No
CUST00420,Male,0,20,No,Fiber optic,35.47,785.19,No
CUST00421,Male,1,68,Yes,Fiber optic,64.93,4599.78,Yes
CUST00422,Male,0,60,Yes,DSL,91.58,5687.97,No
CUST00423,Male,0,0,Yes,Fiber optic,84.77,,No
CUST00424,Male,0,19,No,DSL,38.21,912.65,No
CUST00425,Male,0,71,Yes,No,49.33,2965.82,No
CUST00426,Female,1,2,No,Fiber optic,64.31,125.59,Yes
CUST00427,Male,0,4,No,Fiber optic,93.57,406.69,Yes
CUST00428,Female,0,4,Yes,Fiber optic,67.91,289.1,Yes
CUST00429,Female,0,67,Yes,DSL,57.34,3935.29,No
CUST00430,Male,1,10,Yes,Fiber optic,109.44,1139.46,Yes
CUST00431,Male,0,24,No,No,62.02,1256.05,No
CUST00432,Male,0,69,Yes,DSL,53.32,4175.07,No
CUST00433,Male,1,71,No,DSL,62.49,4110.63,Yes
CUST00434,Male,0,30,No,Fiber optic,71.79,2216.04,No
CUST00435,Female,1,29,Yes,No,36.97,,No
CUST00436,Male,0,12,Yes,DSL,88.92,979.62,No
CUST00437,Male,0,55,No,Fiber optic,80.53,4295.47,No
CUST00438,Male,0,6,Yes,No,91.63,607.26,No
CUST00439,Female,0,6,No,DSL,84.96,535.16,No
CUST00440,Male,1,49,No,Fiber optic,85.51,4028.8,Yes
CUST00441,Male,0,72,No,DSL,69.57,5290.27,No
CUST00442,Female,1,16,Yes,DSL,49.06,769.75,Yes
CUST00443,Male,0,40,Yes,DSL,57.8,2639.53,No
CUST00444,Female,0,71,No,Fiber optic,54.56,4174.8,No
CUST00445,Male,1,58,No,Fiber optic,95.32,4958.63,Yes
CUST00446,Female,0,10,No,DSL,90.29,920.5,Yes
CUST00447,Female,1,23,No,DSL,78.66,1982.03,No
CUST00448,Female,0,61,Yes,DSL,77.58,4789.37,No
CUST00449,Male,0,12,No,Fiber optic,87.67,1163.25,No
CUST00450,Female,0,30,No,DSL,70.79,2301.34,No
CUST00451,Female,0,14,Yes,Fiber optic,22.71,428.69,No
CUST00452,Male,0,9,No,Fiber optic,103.59,959.26,No
CUST00453,Female,0,44,No,DSL,32.5,1753.56,No
CUST00454,Male,0,69,Yes,Fiber optic,24.15,2292.64,Yes
CUST00455,Female,0,8,Yes,DSL,107.09,,No
CUST00456,Male,0,69,No,DSL,59.27,3907.67,No
CUST00457,Female,0,5,No,Fiber optic,81.37,425.13,Yes
CUST00458,Female,0,8,No,DSL,80.85,614.08,Yes
CUST00459,Female,0,11,Yes,Fiber optic,76.86,891.45,No
CUST00460,Male,1,3,No,DSL,71.87,215.58,Yes
CUST00461,Male,0,36,No,Fiber optic,93.18,3295.33,No
CUST00462,Female,0,70,No,DSL,99.29,7231.4,No
CUST00463,Female,1,7,No,No,64.58,467.69,No
CUST00464,Male,0,52,No,DSL,36.2,1821.56,No
CUST00465,Female,0,12,No,DSL,62.06,705.53,No
CUST00466,Male,0,2,No,Fiber optic,65.64,126.75,No
CUST00467,Male,0,64,No,Fiber optic,33.78,2083.53,Yes
CUST00468,Female,0,7,Yes,No,102.08,699.2,No
CUST00469,Male,0,7,No,DSL,105.3,683.73,Yes
CUST00470,Male,0,26,Yes,DSL,70.29,1840.42,No
CUST00471,Female,1,38,No,Fiber optic,21.62,600.38,No
CUST00472,Female,0,55,No,DSL,91.73,5496.37,No
CUST00473,Female,0,25,Yes,DSL,45.36,1310.73,No
CUST00474,Male,1,2,No,DSL,73.99,158.5,No
CUST00475,Female,0,59,Yes,DSL,53.54,3347.05,No
CUST00476,Female,0,5,No,Fiber optic,98.24,482.26,Yes
CUST00477,Female,0,7,Yes,No,107.16,,Yes
CUST00478,Female,0,16,Yes,Fiber optic,60.78,813.13,No
CUST00479,Male,0,9,Yes,DSL,86.74,867.39,No
CUST00480,Female,0,7,No,DSL,67.28,,No
CUST00481,Female,1,37,No,DSL,89.63,3252.95,No
CUST00482,Female,0,15,No,DSL,74.47,1041.36,No
CUST00483,Female,0,6,Yes,Fiber optic,62.9,338.3,Yes
CUST00484,Male,0,14,Yes,DSL,94.15,1195.04,No
CUST00485,Male,0,1,No,No,69.3,71.97,No
CUST00486,Male,0,1,Yes,DSL,89.68,88.26,Yes
CUST00487,Female,0,58,No,DSL,45.63,2117.39,No
CUST00488,Female,0,11,Yes,DSL,72.32,826.83,No
CUST00489,Male,0,37,Yes,DSL,93.25,3304.59,No
CUST00490,Male,0,29,No,DSL,72.34,1818.76,No
CUST00491,Female,0,42,No,DSL,71.86,2743.35,No
CUST00492,Female,0,0,No,DSL,97.07,,Yes
CUST00493,Male,0,12,No,No,67.81,832.35,No
CUST00494,Female,0,39,No,Fiber optic,95.09,3628.75,Yes
CUST00495,Female,0,6,Yes,DSL,85.98,,No
CUST00496,Male,0,20,No,DSL,49.62,872.48,No
CUST00497,Male,0,44,Yes,Fiber optic,74.23,3176.62,No
CUST00498,Male,0,30,Yes,Fiber optic,82.0,2456.07,No
CUST00499,Male,0,1,No,DSL,109.95,100.75,No
CUST00500,Female,0,6,No,No,94.34,511.89,Yes
CUST00501,Female,1,41,No,DSL,47.45,1646.98,Yes
CUST00502,Male,0,31,Yes,No,87.53,2537.02,No
CUST00503,Female,0,65,No,Fiber optic,89.75,5566.13,Yes
CUST00504,Female,0,40,Yes,DSL,91.28,3840.64,No
CUST00505,Male,0,12,No,Fiber optic,98.77,1245.05,No
CUST00506,Male,0,28,No,No,49.0,,No
CUST00507,Female,1,2,No,Fiber optic,105.55,192.38,No
CUST00508,Male,0,9,No,No,88.71,722.95,No
CUST00509,Female,0,3,Yes,Fiber optic,84.47,,No
CUST00510,Female,0,44,No,No,29.97,1658.6,No
CUST00511,Female,0,48,Yes,DSL,91.07,4800.12,No
CUST00512,Male,0,10,No,Fiber optic,64.3,547.8,No
CUST00513,Female,0,7,Yes,No,109.84,817.55,No
CUST00514,Male,0,7,Yes,DSL,63.76,513.78,No
CUST00515,Female,0,10,Yes,DSL,79.84,846.37,No
CUST00516,Female,0,71,Yes,Fiber optic,66.12,5377.82,No
CUST00517,Male,0,27,No,Fiber optic,36.44,969.87,No
CUST00518,Female,1,3,No,DSL,71.46,199.84,Yes
CUST00519,Female,1,0,Yes,DSL,93.5,,No
CUST00520,Female,0,53,Yes,DSL,29.76,1052.14,No
CUST00521,Female,0,36,Yes,DSL,77.25,2765.17,No
CUST00522,Female,0,40,Yes,DSL,21.1,735.58,No
CUST00523,Female,0,60,Yes,Fiber optic,20.91,1511.72,No
CUST00524,Female,0,26,No,Fiber optic,88.64,2317.9,No
CUST00525,Female,0,13,No,DSL,22.33,209.07,No
CUST00526,Female,0,30,No,DSL,65.98,1914.45,No
CUST00527,Female,1,24,No,No,83.48,2041.29,No
CUST00528,Female,0,7,Yes,No,94.32,590.57,No
CUST00529,Female,1,1,No,Fiber optic,84.95,79.35,No
CUST00530,Male,0,20,Yes,Fiber optic,67.89,1491.91,No
CUST00531,Female,1,8,No,Fiber optic,107.76,789.73,No
CUST00532,Female,0,35,No,Fiber optic,43.88,1343.99,Yes
CUST00533,Male,0,0,Yes,Fiber optic,103.21,,No
CUST00534,Female,0,17,No,No,53.14,1009.97,No
CUST00535,Male,0,29,Yes,Fiber optic,89.58,2360.04,No
CUST00536,Male,1,8,Yes,No,77.72,678.13,No
CUST00537,Male,0,36,Yes,DSL,53.63,1982.02,No
CUST00538,Female,0,5,No,Fiber optic,64.04,292.05,No
CUST00539,Female,0,12,No,Fiber optic,28.47,309.38,Yes
CUST00540,Female,1,22,No,DSL,87.92,1934.35,No
CUST00541,Female,0,2,Yes,Fiber optic,75.18,135.45,No
CUST00542,Female,0,36,No,No,67.68,2385.04,No
CUST00543,Female,0,69,No,Fiber optic,77.58,5946.89,No
CUST00544,Female,1,40,No,No,53.27,1964.23,No
CUST00545,Female,0,1,No,Fiber optic,82.74,87.85,No
CUST00546,Female,0,11,No,DSL,91.86,995.93,Yes
CUST00547,Female,0,59,No,Fiber optic,65.87,4316.62,No
CUST00548,Female,0,26,Yes,Fiber optic,39.91,1204.25,No
CUST00549,Male,0,38,No,DSL,49.84,1548.52,No
CUST00550,Female,0,16,No,Fiber optic,77.57,,Yes
CUST00551,Male,0,35,No,No,81.46,2932.86,No
CUST00552,Female,0,30,No,No,96.78,3060.9,No
CUST00553,Female,0,44,No,No,64.05,,No
CUST00554,Male,0,13,No,No,87.01,1150.18,No
CUST00555,Female,0,61,No,Fiber optic,33.15,1817.62,No
CUST00556,Male,0,56,Yes,DSL,24.85,1807.76,No
CUST00557,Female,0,62,No,No,85.34,5430.26,No
CUST00558,Male,0,11,Yes,Fiber optic,70.42,820.11,Yes
CUST00559,Female,0,12,Yes,DSL,26.09,195.79,No
CUST00560,Male,1,10,No,DSL,85.3,786.58,Yes
CUST00561,Male,0,1,No,Fiber optic,87.79,93.0,Yes
CUST00562,Female,0,38,No,Fiber optic,46.77,1992.45,Yes
CUST00563,Male,0,2,No,No,101.5,186.59,No
CUST00564,Female,0,10,Yes,Fiber optic,84.91,886.96,Yes
CUST00565,Male,1,69,Yes,DSL,64.73,3932.97,No
CUST00566,Female,0,13,No,Fiber optic,58.71,703.07,Yes
CUST00567,Male,0,33,Yes,No,45.8,1797.87,No
CUST00568,Male,1,26,Yes,DSL,94.73,2466.23,No
CUST00569,Male,0,65,No,Fiber optic,48.9,3122.26,No
CUST00570,Female,0,38,Yes,No,47.04,1643.99,No
CUST00571,Female,0,12,Yes,DSL,62.63,850.81,No
CUST00572,Female,1,32,Yes,DSL,80.51,2508.02,No
CUST00573,Male,1,25,Yes,DSL,37.26,1016.29,No
CUST00574,Male,0,5,No,DSL,109.04,,Yes
CUST00575,Male,0,12,No,DSL,73.97,880.69,No
CUST00576,Male,0,0,Yes,Fiber optic,67.6,,Yes
CUST00577,Female,0,32,Yes,Fiber optic,73.33,2270.81,No
CUST00578,Male,0,7,Yes,Fiber optic,79.21,546.02,No
CUST00579,Male,0,4,Yes,No,65.61,269.99,No
CUST00580,Male,0,44,No,No,36.51,1635.94,No
CUST00581,Female,0,4,Yes,DSL,106.36,458.49,Yes
CUST00582,Male,0,12,Yes,DSL,33.36,316.84,No
CUST00583,Female,1,10,No,DSL,99.55,946.47,Yes
CUST00584,Female,1,8,Yes,DSL,67.98,570.51,Yes
CUST00585,Male,1,12,Yes,Fiber optic,65.98,683.56,No
CUST00586,Male,0,5,Yes,DSL,103.91,487.39,No
CUST00587,Female,0,9,No,DSL,80.59,784.66,No
CUST00588,Male,0,5,No,DSL,60.58,282.03,No
CUST00589,Female,0,23,Yes,DSL,50.03,1352.36,No
CUST00590,Female,0,12,Yes,Fiber optic,20.35,193.56,No
CUST00591,Male,0,11,Yes,DSL,93.45,1043.62,Yes
CUST00592,Male,0,8,No,No,81.1,638.77,Yes
CUST00593,Male,1,6,No,Fiber optic,99.93,591.79,Yes
CUST00594,Male,0,32,No,DSL,71.89,1991.06,No
CUST00595,Male,1,32,No,Fiber optic,99.93,2918.97,No
CUST00596,Female,0,9,No,Fiber optic,75.15,638.7,No
CUST00597,Male,0,52,No,DSL,74.52,4332.58,No
CUST00598,Female,0,11,Yes,Fiber optic,81.11,816.21,Yes
CUST00599,Female,1,41,No,DSL,36.63,1181.03,No
CUST00600,Male,0,1,No,No,82.17,88.91,Yes
CUST00601,Male,0,22,Yes,DSL,52.49,1336.74,No
CUST00602,Male,0,2,Yes,Fiber optic,92.59,186.23,Yes
CUST00603,Male,0,52,No,Fiber optic,25.1,1781.94,No
CUST00604,Male,1,12,No,Fiber optic,39.14,436.3,Yes
CUST00605,Male,0,53,No,Fiber optic,97.6,5319.82,No
CUST00606,Female,0,46,No,DSL,44.26,1924.31,No
CUST00607,Male,0,50,Yes,Fiber optic,39.39,2230.44,No
CUST00608,Male,0,5,No,Fiber optic,100.71,455.91,Yes
CUST00609,Male,0,57,Yes,Fiber optic,85.36,4498.24,No
CUST00610,Female,0,3,No,Fiber optic,84.88,247.7,Yes
CUST00611,Female,0,70,Yes,No,55.32,3636.49,No
CUST00612,Female,0,33,No,Fiber optic,82.1,2614.9,No
CUST00613,Male,0,10,Yes,DSL,63.4,727.11,No
CUST00614,Male,0,70,Yes,Fiber optic,29.27,1914.89,Yes
CUST00615,Male,0,55,No,DSL,42.43,2701.75,No
CUST00616,Female,0,10,No,Fiber optic,88.2,887.76,No
CUST00617,Male,0,1,Yes,Fiber optic,71.19,76.54,Yes
CUST00618,Male,0,58,No,Fiber optic,30.21,2232.45,Yes
CUST00619,Female,0,23,No,DSL,37.04,742.9,No
CUST00620,Female,0,5,Yes,DSL,77.94,430.97,Yes
CUST00621,Female,1,10,No,No,87.62,848.4,No
CUST00622,Female,1,7,No,DSL,101.37,,Yes
CUST00623,Female,0,15,No,No,85.57,1279.77,No
CUST00624,Male,0,40,No,Fiber optic,55.67,1910.28,No
CUST00625,Female,0,11,No,DSL,60.36,664.26,No
CUST00626,Female,0,51,No,DSL,61.38,3565.35,No
CUST00627,Male,0,8,Yes,DSL,82.58,590.45,No
CUST00628,Female,0,1,No,Fiber optic,65.43,,Yes
CUST00629,Female,1,14,No,DSL,84.8,1166.55,No
CUST00630,Male,1,62,Yes,DSL,32.58,1859.91,No
CUST00631,Male,0,24,Yes,DSL,97.92,2539.8,No
CUST00632,Male,1,7,No,Fiber optic,77.43,527.14,Yes
CUST00633,Female,0,56,No,Fiber optic,35.1,2160.94,No
CUST00634,Male,0,6,Yes,Fiber optic,85.49,567.11,Yes
CUST00635,Male,1,1,No,DSL,63.56,57.89,Yes
CUST00636,Female,0,66,Yes,Fiber optic,75.57,4778.66,Yes
CUST00637,Male,0,16,No,DSL,47.35,,No
CUST00638,Male,0,53,No,DSL,44.9,1984.81,No
CUST00639,Female,0,68,Yes,DSL,89.96,6237.49,No
CUST00640,Male,1,2,No,No,89.6,163.0,No
CUST00641,Male,0,16,Yes,Fiber optic,72.58,1231.36,Yes
CUST00642,Female,1,55,No,Fiber optic,53.97,3178.24,No
CUST00643,Female,0,45,Yes,DSL,63.22,3153.09,No
CUST00644,Male,0,68,Yes,No,50.16,3265.94,No
CUST00645,Male,0,19,Yes,DSL,54.09,1014.01,No
CUST00646,Male,0,11,No,DSL,87.97,970.77,Yes
CUST00647,Female,0,40,Yes,Fiber optic,81.69,3353.71,No
CUST00648,Male,0,15,No,DSL,37.04,477.71,No
CUST00649,Female,0,8,No,DSL,62.89,436.67,No
CUST00650,Male,0,48,No,DSL,45.64,2280.31,No
CUST00651,Male,1,62,No,DSL,39.1,2995.47,No
CUST00652,Female,1,4,Yes,Fiber optic,79.12,346.41,Yes
CUST00653,Male,0,55,Yes,Fiber optic,64.06,3267.23,No
CUST00654,Female,0,67,Yes,DSL,51.46,4053.66,No
CUST00655,Female,0,55,No,DSL,79.08,3987.26,No
CUST00656,Male,0,36,Yes,Fiber optic,26.04,1173.59,No
CUST00657,Female,0,15,Yes,Fiber optic,91.91,1386.29,No
CUST00658,Female,0,11,Yes,DSL,87.6,959.48,Yes
CUST00659,Male,0,20,Yes,No,58.76,1129.7,No
CUST00660,Male,0,7,No,Fiber optic,92.23,590.96,Yes
CUST00661,Male,0,45,No,Fiber optic,95.3,3839.6,No
CUST00662,Female,0,49,No,Fiber optic,65.87,3555.89,No
CUST00663,Male,0,0,No,No,101.75,,Yes
CUST00664,Female,0,58,Yes,Fiber optic,74.83,4192.19,No
CUST00665,Female,0,4,Yes,Fiber optic,82.02,353.19,No
CUST00666,Male,0,10,Yes,DSL,99.29,1092.79,No
CUST00667,Male,0,3,No,Fiber optic,63.45,215.3,Yes
CUST00668,Male,0,4,No,DSL,70.22,269.28,Yes
CUST00669,Female,0,40,Yes,DSL,82.58,3169.22,No
CUST00670,Male,0,12,Yes,DSL,49.74,504.26,No
CUST00671,Female,1,8,No,DSL,74.97,620.59,Yes
CUST00672,Female,0,31,Yes,No,81.98,2341.32,No
CUST00673,Male,0,27,Yes,Fiber optic,20.21,765.64,No
CUST00674,Female,0,26,No,DSL,25.6,425.55,No
CUST00675,Male,0,56,No,Fiber optic,67.14,4306.08,No
CUST00676,Female,0,5,No,Fiber optic,93.71,476.1,Yes
CUST00677,Female,0,2,No,No,75.63,150.71,Yes
CUST00678,Male,0,7,No,Fiber optic,68.44,423.09,No
CUST00679,Female,0,48,No,No,74.57,3892.36,No
CUST00680,Male,0,3,No,DSL,61.41,196.13,No
CUST00681,Male,0,62,No,No,33.17,2540.53,No
CUST00682,Female,0,63,No,DSL,74.66,4629.38,No
CUST00683,Female,0,68,Yes,Fiber optic,63.31,3924.44,Yes
CUST00684,Female,0,4,No,DSL,102.33,419.85,Yes
CUST00685,Female,0,42,No,Fiber optic,96.95,3808.34,Yes
CUST00686,Male,1,42,Yes,Fiber optic,55.05,2092.47,No
CUST00687,Male,1,72,No,Fiber optic,54.98,3337.99,Yes
CUST00688,Female,0,33,No,DSL,92.12,3358.52,No
CUST00689,Male,0,24,No,Fiber optic,52.18,1250.18,No
CUST00690,Male,0,2,Yes,No,92.23,,No
CUST00691,Male,0,53,No,No,31.13,1662.22,No
CUST00692,Female,1,9,Yes,No,60.76,541.06,No
CUST00693,Female,0,49,No,Fiber optic,66.17,3109.76,No
CUST00694,Female,0,55,No,No,44.3,2406.44,No
CUST00695,Female,0,6,Yes,Fiber optic,83.46,446.65,Yes
CUST00696,Female,0,22,No,Fiber optic,45.42,931.19,No
CUST00697,Female,1,12,Yes,Fiber optic,73.38,998.12,Yes
CUST00698,Male,1,24,Yes,Fiber optic,71.44,1724.52,Yes
CUST00699,Male,0,50,Yes,Fiber optic,26.97,1249.01,No
CUST00700,Female,0,11,No,DSL,71.52,806.35,Yes
CUST00701,Male,0,51,Yes,Fiber optic,42.2,1727.55,Yes
CUST00702,Male,0,3,Yes,Fiber optic,68.11,196.15,No
CUST00703,Male,1,69,No,No,27.33,1650.54,Yes
CUST00704,Male,0,4,Yes,Fiber optic,95.6,382.47,No
CUST00705,Female,1,41,Yes,Fiber optic,79.78,3381.9,Yes
CUST00706,Male,0,13,No,DSL,67.67,,No
CUST00707,Female,1,2,No,No,63.02,,No
CUST00708,Male,0,26,No,DSL,86.65,2457.88,No
CUST00709,Female,0,41,Yes,No,74.6,3127.55,No
CUST00710,Female,1,71,Yes,DSL,54.73,4491.23,No
CUST00711,Female,0,67,No,No,32.12,2445.07,No
CUST00712,Male,0,55,Yes,No,57.76,3476.86,No
CUST00713,Female,0,34,Yes,DSL,74.45,2716.79,No
CUST00714,Female,0,63,Yes,Fiber optic,60.62,3926.96,No
CUST00715,Female,0,4,Yes,Fiber optic,103.19,403.76,No
CUST00716,Female,0,12,Yes,DSL,67.56,849.45,No
CUST00717,Male,1,51,No,No,90.04,4091.02,No
CUST00718,Male,0,6,No,Fiber optic,100.37,577.68,Yes
CUST00719,Female,0,7,No,Fiber optic,65.56,459.88,Yes
CUST00720,Female,0,53,No,DSL,59.18,3478.95,No
CUST00721,Male,0,9,No,Fiber optic,89.8,845.56,No
CUST00722,Female,0,36,No,Fiber optic,94.38,3530.47,No
CUST00723,Female,0,7,Yes,DSL,83.11,546.26,Yes
CUST00724,Female,0,36,Yes,DSL,24.96,865.11,No
CUST00725,Female,0,9,Yes,No,69.38,623.05,No
CUST00726,Female,0,72,Yes,Fiber optic,81.25,5366.39,No
CUST00727,Male,0,1,No,No,107.91,104.2,No
CUST00728,Female,0,8,No,DSL,85.65,676.76,Yes
CUST00729,Male,0,42,No,DSL,21.95,803.55,No
CUST00730,Female,0,0,Yes,Fiber optic,68.36,,No
CUST00731,Female,1,19,Yes,Fiber optic,48.41,1055.42,No
CUST00732,Female,0,1,Yes,Fiber optic,60.57,54.88,No
CUST00733,Female,0,29,No,DSL,63.48,1711.35,No
CUST00734,Female,0,72,No,DSL,43.09,3781.17,No
CUST00735,Male,1,12,Yes,Fiber optic,36.51,357.87,No
CUST00736,Female,0,47,No,DSL,90.17,4260.43,No
CUST00737,Female,0,13,No,DSL,62.3,817.99,No
CUST00738,Female,1,5,No,DSL,101.44,457.52,Yes
CUST00739,Female,0,8,Yes,Fiber optic,90.88,679.63,No
CUST00740,Female,0,7,No,No,71.92,495.28,Yes
CUST00741,Male,0,70,Yes,Fiber optic,55.82,3459.49,Yes
CUST00742,Female,0,34,No,DSL,77.96,2632.93,No
CUST00743,Female,1,71,Yes,DSL,47.0,2688.92,Yes
CUST00744,Male,1,9,No,DSL,74.49,,Yes
CUST00745,Female,0,18,Yes,Fiber optic,67.25,1095.76,No
CUST00746,Male,0,0,Yes,DSL,106.04,,No
CUST00747,Male,0,53,Yes,Fiber optic,37.33,,No
CUST00748,Male,0,46,Yes,DSL,24.5,1065.47,No
CUST00749,Male,0,20,Yes,Fiber optic,94.13,1944.04,No
CUST00750,Female,0,45,Yes,DSL,99.08,4641.43,No
CUST00751,Female,1,6,Yes,DSL,89.3,529.2,No
CUST00752,Female,0,9,Yes,DSL,77.15,610.78,No
CUST00753,Male,0,15,Yes,No,67.62,1012.91,No
CUST00754,Female,1,0,No,Fiber optic,71.01,,No
CUST00755,Male,0,11,Yes,DSL,108.64,1123.88,Yes
CUST00756,Male,1,35,No,No,81.75,2515.63,Yes
CUST00757,Female,0,18,Yes,Fiber optic,43.56,,No
CUST00758,Male,0,52,No,Fiber optic,89.95,4423.14,No
CUST00759,Female,0,10,No,DSL,69.55,,No
CUST00760,Female,0,32,No,No,59.98,1652.32,No
CUST00761,Male,0,45,Yes,DSL,74.08,3736.41,No
CUST00762,Female,0,43,Yes,DSL,87.51,3844.44,No
CUST00763,Male,0,58,Yes,Fiber optic,72.98,3766.92,Yes
CUST00764,Male,1,64,Yes,Fiber optic,38.79,2738.71,No
CUST00765,Male,0,28,Yes,DSL,98.49,2737.06,No
CUST00766,Female,0,60,Yes,DSL,52.05,3547.54,No
CUST00767,Male,0,57,No,No,49.61,3177.12,No
CUST00768,Male,0,27,No,Fiber optic,60.48,1419.17,No
CUST00769,Male,1,49,No,Fiber optic,69.38,3134.49,No
CUST00770,Female,0,8,Yes,DSL,68.46,,No
CUST00771,Male,0,70,Yes,DSL,69.81,5278.3,No
CUST00772,Male,0,33,Yes,Fiber optic,78.17,2514.01,No
CUST00773,Female,0,44,No,DSL,66.32,2985.3,No
CUST00774,Male,0,71,No,DSL,20.8,1984.52,No
CUST00775,Female,0,62,Yes,DSL,79.47,5349.18,No
CUST00776,Male,0,13,No,Fiber optic,94.62,1273.39,Yes
CUST00777,Female,0,10,No,DSL,69.46,608.4,No
CUST00778,Female,0,59,No,Fiber optic,24.95,1989.0,No
CUST00779,Female,0,26,No,Fiber optic,98.27,2295.3,No
CUST00780,Female,1,1,Yes,No,68.35,77.53,No
CUST00781,Male,0,44,No,Fiber optic,25.6,848.62,No
CUST00782,Female,1,0,Yes,Fiber optic,91.26,,No
CUST00783,Female,0,57,No,DSL,83.08,5031.16,No
CUST00784,Male,0,19,Yes,No,44.84,693.64,No
CUST00785,Male,1,12,Yes,Fiber optic,71.38,744.13,No
CUST00786,Female,1,12,No,No,28.25,412.4,Yes
CUST00787,Male,0,3,No,DSL,76.89,219.92,No
CUST00788,Female,0,7,No,DSL,90.3,691.94,Yes
CUST00789,Male,0,3,Yes,Fiber optic,75.57,,No
CUST00790,Female,0,58,No,DSL,91.8,4746.81,No
CUST00791,Male,1,52,Yes,Fiber optic,61.68,3696.41,Yes
CUST00792,Male,0,8,No,DSL,96.29,791.83,Yes
CUST00793,Male,0,12,Yes,Fiber optic,65.15,,Yes
CUST00794,Male,0,61,Yes,Fiber optic,99.67,6130.41,No
CUST00795,Female,0,33,No,Fiber optic,58.89,1827.62,Yes
CUST00796,Female,0,1,No,Fiber optic,85.26,84.16,Yes
CUST00797,Male,0,66,No,Fiber optic,50.78,3577.82,No
CUST00798,Male,0,27,No,No,21.27,360.16,No
CUST00799,Male,1,25,Yes,No,53.1,1478.37,Yes
CUST00800,Male,1,61,Yes,DSL,94.4,6200.11,Yes
CUST00801,Male,0,65,No,No,29.33,2289.63,No
CUST00802,Female,0,9,No,DSL,81.69,685.21,No
CUST00803,Male,0,63,No,DSL,71.13,4491.45,No
CUST00804,Female,0,57,Yes,Fiber optic,33.68,2181.23,Yes
CUST00805,Male,1,58,Yes,DSL,36.85,1818.42,No
CUST00806,Male,1,26,Yes,Fiber optic,67.93,1757.44,Yes
CUST00807,Female,0,5,Yes,DSL,62.27,288.74,No
CUST00808,Male,0,18,No,Fiber optic,73.58,1384.04,No
CUST00809,Male,0,25,No,Fiber optic,60.1,1672.75,No
CUST00810,Female,0,9,No,Fiber optic,69.94,646.77,No
CUST00811,Female,0,9,No,DSL,87.11,853.16,No
CUST00812,Male,0,6,No,No,94.08,524.33,No
CUST00813,Male,0,5,Yes,No,102.65,477.29,Yes
CUST00814,Female,0,38,Yes,No,81.01,2706.76,No
CUST00815,Male,0,9,No,Fiber optic,63.56,496.54,Yes
CUST00816,Male,0,49,No,DSL,37.27,2003.25,No
CUST00817,Female,0,36,No,DSL,70.1,2289.68,No
CUST00818,Female,0,54,No,Fiber optic,97.45,4916.36,Yes
CUST00819,Male,0,3,No,DSL,72.53,222.81,Yes
CUST00820,Male,1,37,Yes,Fiber optic,74.4,2521.42,No
CUST00821,Male,0,12,No,DSL,87.17,1026.8,No
CUST00822,Male,0,41,Yes,DSL,77.92,3222.94,No
CUST00823,Male,0,13,Yes,DSL,43.3,653.33,No
CUST00824,Male,0,19,No,No,77.58,1539.7,No
CUST00825,Female,0,5,No,Fiber optic,78.85,391.35,Yes
CUST00826,Male,0,33,Yes,Fiber optic,56.7,,Yes
CUST00827,Female,0,44,Yes,No,49.27,1873.16,No
CUST00828,Female,0,57,Yes,DSL,90.83,5031.14,No
CUST00829,Female,1,11,Yes,DSL,60.32,637.87,No
CUST00830,Male,0,58,Yes,Fiber optic,63.36,3997.52,No
CUST00831,Female,0,11,Yes,DSL,89.95,1066.21,Yes
CUST00832,Male,0,34,Yes,Fiber optic,43.43,1319.39,No
CUST00833,Male,0,53,No,Fiber optic,97.24,5080.02,No
CUST00834,Female,0,9,No,No,81.26,645.65,No
CUST00835,Female,0,34,Yes,DSL,63.5,2367.2,No
CUST00836,Male,0,50,No,DSL,62.55,3160.32,No
CUST00837,Female,0,10,No,Fiber optic,95.89,982.86,No
CUST00838,Female,1,12,Yes,No,95.41,1029.18,No
CUST00839,Female,1,64,No,Fiber optic,87.34,5704.98,Yes
CUST00840,Female,0,39,Yes,Fiber optic,94.07,3648.82,Yes
CUST00841,Male,0,19,Yes,No,44.98,927.36,No
CUST00842,Female,0,11,No,Fiber optic,100.66,1048.42,Yes
CUST00843,Female,0,71,Yes,Fiber optic,76.35,4814.91,Yes
CUST00844,Female,1,71,No,No,96.11,6550.5,No
CUST00845,Male,0,17,Yes,DSL,99.26,1836.97,No
CUST00846,Male,1,37,No,DSL,65.75,2329.74,No
CUST00847,Female,1,41,Yes,Fiber optic,88.38,3931.87,No
CUST00848,Female,0,2,Yes,DSL,71.09,160.98,No
CUST00849,Male,0,72,No,No,59.47,4622.49,No
CUST00850,Female,1,27,Yes,DSL,80.06,2067.39,No
CUST00851,Male,0,7,No,DSL,80.74,541.67,Yes
CUST00852,Female,0,8,No,No,75.82,639.44,No
CUST00853,Female,0,8,Yes,Fiber optic,60.56,423.06,No
CUST00854,Male,0,48,No,DSL,95.75,4735.96,No
CUST00855,Male,0,2,Yes,DSL,104.99,195.43,Yes
CUST00856,Male,0,47,Yes,Fiber optic,77.87,3687.51,Yes
CUST00857,Female,0,34,No,DSL,38.09,1456.5,No
CUST00858,Female,0,1,No,Fiber optic,106.6,103.96,No
CUST00859,Female,0,12,No,No,34.67,311.2,No
CUST00860,Female,0,7,Yes,Fiber optic,87.17,656.22,Yes
CUST00861,Male,0,1,No,Fiber optic,94.34,94.48,Yes
CUST00862,Female,0,13,No,Fiber optic,90.34,1149.47,Yes
CUST00863,Male,0,39,No,Fiber optic,62.04,,No
CUST00864,Female,0,10,No,Fiber optic,100.67,955.89,Yes
CUST00865,Female,0,1,Yes,Fiber optic,86.45,87.86,No
CUST00866,Female,0,5,Yes,Fiber optic,63.11,310.3,Yes
CUST00867,Male,0,25,No,DSL,86.56,2297.97,No
CUST00868,Female,1,35,Yes,DSL,26.8,698.86,No
CUST00869,Male,1,48,Yes,No,78.09,3269.25,No
CUST00870,Male,0,55,No,Fiber optic,57.88,2983.4,Yes
CUST00871,Male,0,40,No,Fiber optic,46.1,1994.37,No
CUST00872,Male,0,15,Yes,DSL,61.51,909.83,No
CUST00873,Male,0,37,No,Fiber optic,97.17,3482.15,No
CUST00874,Male,0,4,Yes,DSL,71.9,263.02,Yes
CUST00875,Male,0,13,No,Fiber optic,67.14,923.57,No
CUST00876,Male,0,0,No,DSL,87.39,,No
CUST00877,Female,0,13,Yes,DSL,43.41,612.2,No
CUST00878,Male,0,50,No,Fiber optic,60.83,2823.49,No
CUST00879,Male,0,17,No,DSL,33.35,417.93,No
CUST00880,Male,1,24,No,No,39.13,977.3,No
CUST00881,Male,0,6,No,DSL,67.09,378.53,No
CUST00882,Female,0,7,Yes,DSL,98.5,658.34,No
CUST00883,Male,0,42,Yes,Fiber optic,68.54,2545.35,No
CUST00884,Male,0,2,No,Fiber optic,72.14,132.94,Yes
CUST00885,Female,0,10,No,Fiber optic,101.7,976.04,Yes
CUST00886,Female,0,61,Yes,Fiber optic,54.75,2753.78,No
CUST00887,Male,0,54,Yes,DSL,71.4,4368.68,No
CUST00888,Female,0,29,Yes,Fiber optic,68.91,2068.38,Yes
CUST00889,Female,0,14,No,No,72.83,1060.14,No
CUST00890,Male,0,34,No,No,22.9,742.84,No
CUST00891,Female,0,2,No,No,63.7,120.02,No
CUST00892,Male,0,60,Yes,No,99.0,5892.67,No
CUST00893,Female,1,21,Yes,DSL,43.68,994.38,Yes
CUST00894,Male,0,10,Yes,DSL,84.27,799.58,Yes
CUST00895,Female,0,2,Yes,DSL,74.57,161.9,No
CUST00896,Female,0,57,No,Fiber optic,72.15,3922.33,Yes
CUST00897,Male,0,1,Yes,DSL,64.8,54.94,No
CUST00898,Female,0,4,No,Fiber optic,86.25,371.1,No
CUST00899,Male,0,6,Yes,DSL,103.18,585.68,No
CUST00900,Male,0,6,Yes,Fiber optic,79.54,427.52,Yes
CUST00901,Male,1,4,Yes,DSL,101.2,408.46,Yes
CUST00902,Female,0,48,Yes,No,61.01,3059.65,No
CUST00903,Male,0,69,Yes,Fiber optic,38.34,3177.11,No
CUST00904,Female,0,66,Yes,Fiber optic,55.63,3288.7,Yes
CUST00905,Female,0,30,Yes,Fiber optic,65.78,2205.62,No
CUST00906,Male,0,7,No,DSL,86.9,643.4,Yes
CUST00907,Female,0,0,No,No,61.04,,No
CUST00908,Female,0,23,No,Fiber optic,23.07,571.34,Yes
CUST00909,Female,1,9,Yes,Fiber optic,89.47,823.77,No
CUST00910,Male,0,9,No,DSL,73.04,603.1,Yes
CUST00911,Female,1,62,Yes,Fiber optic,67.35,4665.14,Yes
CUST00912,Female,1,16,No,Fiber optic,46.07,836.51,Yes
CUST00913,Female,0,7,No,Fiber optic,66.59,505.68,No
CUST00914,Male,0,4,No,DSL,62.69,247.33,No
CUST00915,Male,1,20,No,Fiber optic,56.83,937.48,No
CUST00916,Female,0,8,No,No,72.57,543.67,No
CUST00917,Female,0,70,Yes,DSL,24.06,1317.37,No
CUST00918,Female,0,41,No,Fiber optic,89.14,3657.64,No
CUST00919,Female,0,42,No,No,27.81,1238.81,No
CUST00920,Female,1,8,Yes,Fiber optic,72.25,648.87,Yes
CUST00921,Female,0,36,Yes,DSL,93.11,3558.67,No
CUST00922,Male,0,17,Yes,Fiber optic,99.84,1619.89,No
CUST00923,Female,0,3,No,DSL,83.39,269.62,Yes
CUST00924,Female,0,0,No,DSL,83.41,,Yes
CUST00925,Female,0,8,Yes,Fiber optic,86.01,701.01,No
CUST00926,Female,0,60,No,DSL,82.03,4372.53,No
CUST00927,Female,0,71,No,No,50.84,4071.66,No
CUST00928,Female,0,52,Yes,Fiber optic,68.12,3435.45,No
CUST00929,Male,0,29,No,DSL,67.77,2083.67,No
CUST00930,Male,1,10,Yes,DSL,77.43,755.13,Yes
CUST00931,Male,0,47,No,DSL,35.61,1545.07,No
CUST00932,Male,0,50,Yes,DSL,74.64,3585.49,No
CUST00933,Female,0,42,Yes,Fiber optic,58.79,2164.19,No
CUST00934,Female,0,12,Yes,DSL,85.25,1137.66,No
CUST00935,Female,1,48,No,Fiber optic,89.07,4280.98,No
CUST00936,Male,0,2,Yes,Fiber optic,105.49,203.85,Yes
CUST00937,Female,0,7,No,Fiber optic,84.05,620.26,Yes
CUST00938,Female,0,14,Yes,Fiber optic,91.68,1232.05,No
CUST00939,Male,0,37,Yes,Fiber optic,63.54,2319.83,Yes
CUST00940,Female,0,3,Yes,Fiber optic,86.77,263.08,Yes
CUST00941,Female,0,12,No,DSL,87.36,1006.03,No
CUST00942,Female,0,4,Yes,Fiber optic,69.26,255.77,Yes
CUST00943,Male,1,10,Yes,No,92.72,961.27,Yes
CUST00944,Female,1,37,Yes,No,77.81,2788.28,No
CUST00945,Female,0,8,No,Fiber optic,104.03,773.15,No
CUST00946,Female,0,64,Yes,Fiber optic,65.8,4706.32,No
CUST00947,Female,0,8,No,Fiber optic,96.13,700.48,Yes
CUST00948,Female,0,9,No,DSL,101.44,924.02,Yes
CUST00949,Male,0,8,No,No,82.73,,Yes
CUST00950,Female,0,4,No,Fiber optic,81.7,,Yes
CUST00951,Female,1,54,Yes,No,89.13,4298.1,No
CUST00952,Male,0,61,Yes,DSL,92.74,5258.79,No
CUST00953,Male,1,27,Yes,DSL,51.79,1147.72,No
CUST00954,Male,0,12,Yes,Fiber optic,35.29,438.61,No
CUST00955,Female,0,8,No,DSL,82.57,599.31,Yes
CUST00956,Male,0,32,No,Fiber optic,39.38,1301.8,No
CUST00957,Female,0,0,No,No,99.84,,Yes
CUST00958,Male,0,44,Yes,No,67.54,3243.95,No
CUST00959,Male,0,33,No,Fiber optic,24.48,,Yes
CUST00960,Female,0,5,Yes,Fiber optic,94.79,506.47,Yes
CUST00961,Female,0,37,No,Fiber optic,87.35,3557.22,No
CUST00962,Male,0,5,Yes,No,107.97,536.38,No
CUST00963,Female,0,71,Yes,DSL,45.01,3446.35,No
CUST00964,Male,0,22,Yes,DSL,53.09,1263.45,No
CUST00965,Male,0,6,No,DSL,63.99,397.8,No
CUST00966,Female,0,0,No,Fiber optic,66.03,,Yes
CUST00967,Female,0,41,Yes,DSL,66.58,,No
CUST00968,Female,0,8,Yes,No,85.5,728.85,Yes
CUST00969,Male,0,11,Yes,DSL,60.64,672.76,No
CUST00970,Male,1,5,Yes,DSL,70.11,309.59,No
CUST00971,Male,0,72,Yes,Fiber optic,49.56,4230.78,No
CUST00972,Female,0,11,No,No,105.95,1099.13,Yes
CUST00973,Male,0,7,Yes,DSL,89.09,675.48,No
CUST00974,Male,0,35,Yes,Fiber optic,81.85,3003.52,Yes
CUST00975,Male,0,38,No,DSL,64.39,2761.81,No
CUST00976,Female,1,3,No,DSL,79.83,242.8,Yes
CUST00977,Female,0,9,No,DSL,84.73,804.93,No
CUST00978,Male,0,32,Yes,DSL,29.0,956.81,No
CUST00979,Male,0,31,Yes,No,24.37,829.43,No
CUST00980,Male,1,11,No,No,68.3,851.94,No
CUST00981,Male,0,11,Yes,Fiber optic,104.7,1137.65,No
CUST00982,Female,0,2,Yes,DSL,65.23,124.42,No
CUST00983,Female,0,10,No,No,69.55,717.26,No
CUST00984,Male,0,9,Yes,No,68.57,706.83,No
CUST00985,Female,0,5,No,DSL,76.95,352.88,Yes
CUST00986,Male,0,0,Yes,Fiber optic,103.4,,No
CUST00987,Male,0,62,Yes,Fiber optic,45.69,2472.42,No
CUST00988,Male,0,11,No,Fiber optic,74.39,770.11,Yes
CUST00989,Male,1,51,Yes,DSL,23.48,976.38,Yes
CUST00990,Male,0,23,No,No,71.08,1467.0,No
CUST00991,Male,0,50,No,Fiber optic,82.9,3660.82,No
CUST00992,Female,0,28,Yes,DSL,34.16,950.3,No
CUST00993,Male,0,22,No,No,72.76,1557.49,No
CUST00994,Female,1,12,No,No,68.05,900.05,Yes
CUST00995,Male,0,12,Yes,DSL,39.45,501.66,No
CUST00996,Male,0,3,Yes,DSL,72.24,231.65,Yes
CUST00997,Male,0,42,No,Fiber optic,75.83,3280.58,No
CUST00998,Male,0,8,Yes,Fiber optic,92.64,716.04,Yes
CUST00999,Male,0,3,Yes,Fiber optic,101.23,303.28,No
CUST01000,Male,0,4,No,Fiber optic,101.28,396.42,No
